{"cameraMode":{"drawMode":0,"name":"Shaded","section":"Shading Mode"},"sceneLighting":false,"audioPlay":false,"sceneViewState":{"showFog":true,"showMaterialUpdate":true,"showSkybox":true,"showFlares":true,"showImageEffects":true,"showParticleSystems":true},"in2DMode":false,"pivot":{"x":4.505612373352051,"y":0.7744090557098389,"z":-21.301734924316408},"rotation":{"x":0.15690326690673829,"y":-0.8225974440574646,"z":0.47382399439811709,"w":0.2724072337150574},"size":5.635155200958252,"orthographic":false}