{"cameraMode":{"drawMode":0,"name":"Shaded","section":"Shading Mode"},"sceneLighting":false,"audioPlay":false,"sceneViewState":{"showFog":true,"showMaterialUpdate":true,"showSkybox":false,"showFlares":true,"showImageEffects":true,"showParticleSystems":true},"in2DMode":false,"pivot":{"x":-2.2999539375305177,"y":0.4451211094856262,"z":-62.2389030456543},"rotation":{"x":0.15690326690673829,"y":-0.8225974440574646,"z":0.47382399439811709,"w":0.2724072337150574},"size":11.825401306152344,"orthographic":false}