{"cameraMode":{"drawMode":0,"name":"Shaded","section":"Shading Mode"},"sceneLighting":false,"audioPlay":false,"sceneViewState":{"showFog":true,"showMaterialUpdate":true,"showSkybox":false,"showFlares":true,"showImageEffects":true,"showParticleSystems":true},"in2DMode":false,"pivot":{"x":412.57269287109377,"y":195.8592987060547,"z":-7.128830432891846},"rotation":{"x":-0.17575766146183015,"y":-0.009124443866312504,"z":0.0016254415968433023,"w":-0.9843899011611939},"size":1074.2066650390625,"orthographic":false}