{"cameraMode":{"drawMode":0,"name":"Shaded","section":"Shading Mode"},"sceneLighting":false,"audioPlay":false,"sceneViewState":{"showFog":true,"showMaterialUpdate":true,"showSkybox":false,"showFlares":true,"showImageEffects":true,"showParticleSystems":true},"in2DMode":false,"pivot":{"x":375.56158447265627,"y":215.96002197265626,"z":0.0},"rotation":{"x":0.10153056681156159,"y":-0.764098048210144,"z":0.12416532635688782,"w":0.6248430013656616},"size":1227.1346435546875,"orthographic":false}