{"cameraMode":{"drawMode":0,"name":"Shaded","section":"Shading Mode"},"sceneLighting":false,"audioPlay":false,"sceneViewState":{"showFog":true,"showMaterialUpdate":true,"showSkybox":false,"showFlares":true,"showImageEffects":true,"showParticleSystems":true},"in2DMode":false,"pivot":{"x":1.5548937320709229,"y":1.6657277345657349,"z":0.03999999910593033},"rotation":{"x":0.15690326690673829,"y":-0.8225974440574646,"z":0.47382399439811709,"w":0.2724072337150574},"size":7.632530212402344,"orthographic":false}